{
  "1dmp.io": {
    "company": "CleverDATA LLC",
    "domain": "1dmp.io",
    "purpose": "3",
    "website": "https:\/\/1dmc.io\/en#about"
  },
  "1rx.io": {
    "company": "RhythmOne",
    "domain": "1rx.io",
    "purpose": "3",
    "website": "https:\/\/www.rhythmone.com\/about"
  },
  "247realmedia.com": {
    "company": "AppNexus Inc",
    "domain": "247realmedia.com",
    "purpose": "3",
    "website": "http:\/\/www.appnexus.com\/about-appnexus"
  },
  "254a.com": {
    "company": "Yieldr",
    "domain": "254a.com",
    "purpose": "2",
    "website": ""
  },
  "360yield.com": {
    "company": "Improve Digital",
    "domain": "360yield.com",
    "purpose": "3",
    "website": "http:\/\/www.improvedigital.com\/en\/about"
  },
  "3lift.com": {
    "company": "TripleLift",
    "domain": "3lift.com",
    "purpose": "3",
    "website": "http:\/\/www.triplelift.com\/"
  },
  "3wregie.eu": {
    "company": "3wregie.eu",
    "domain": "3wregie.eu",
    "purpose": "unknown",
    "website": ""
  },
  "4finance.com": {
    "company": "4finance.com",
    "domain": "4finance.com",
    "purpose": "1",
    "website": ""
  },
  "abtasty.com": {
    "company": "Liwio",
    "domain": "abtasty.com",
    "purpose": "2",
    "website": "https:\/\/www.abtasty.com\/us\/about-us\/"
  },
  "accengage.net": {
    "company": "Accengage",
    "domain": "accengage.net",
    "purpose": "3",
    "website": ""
  },
  "acpm.fr": {
    "company": "ACPM",
    "domain": "acpm.fr",
    "purpose": "2",
    "website": ""
  },
  "acuityplatform.com": {
    "company": "Acuity Ads",
    "domain": "acuityplatform.com",
    "purpose": "3",
    "website": "https:\/\/www.acuityads.com\/"
  },
  "adbutter.net": {
    "company": "Gamned SAS",
    "domain": "adbutter.net",
    "purpose": "3",
    "website": "http:\/\/www.gamned.com\/en\/#about"
  },
  "addthis.com": {
    "company": "Oracle AddThis",
    "domain": "addthis.com",
    "purpose": "3",
    "website": "http:\/\/www.addthis.com\/about"
  },
  "adform.net": {
    "company": "Adform",
    "domain": "adform.net",
    "purpose": "3",
    "website": "http:\/\/site.adform.com\/company\/about\/"
  },
  "adhigh.net": {
    "company": "GetIntent",
    "domain": "adhigh.net",
    "purpose": "3",
    "website": "http:\/\/getintent.com\/en\/about\/"
  },
  "adikteev.com": {
    "company": "Adikteev",
    "domain": "adikteev.com",
    "purpose": "3",
    "website": "http:\/\/www.adikteev.com\/story_team.html"
  },
  "adingo.jp": {
    "company": "Fluct",
    "domain": "adingo.jp",
    "purpose": "3",
    "website": ""
  },
  "adition.com": {
    "company": "ADITION technologies AG",
    "domain": "adition.com",
    "purpose": "3",
    "website": "https:\/\/www.adition.com\/unternehmen\/"
  },
  "admedia.com": {
    "company": "AdMedia",
    "domain": "admedia.com",
    "purpose": "3",
    "website": "http:\/\/admedia.com\/about_us\/"
  },
  "admedo.com": {
    "company": "Admedo Ltd",
    "domain": "admedo.com",
    "purpose": "3",
    "website": "http:\/\/www.admedo.com\/company"
  },
  "admixer.net": {
    "company": "Admixer EU GmbH",
    "domain": "admixer.net",
    "purpose": "3",
    "website": "https:\/\/admixer.net\/en\/aboutus"
  },
  "adnext.fr": {
    "company": "Adverline",
    "domain": "adnext.fr",
    "purpose": "3",
    "website": "http:\/\/www.adverline.com\/en\/"
  },
  "adnxs.com": {
    "company": "AppNexus Inc",
    "domain": "adnxs.com",
    "purpose": "3",
    "website": "http:\/\/www.appnexus.com\/about-appnexus"
  },
  "adotmob.com": {
    "company": "Adotmob",
    "domain": "adotmob.com",
    "purpose": "3",
    "website": ""
  },
  "adroll.com": {
    "company": "AdRoll",
    "domain": "adroll.com",
    "purpose": "3",
    "website": "https:\/\/www.adroll.com\/about"
  },
  "adrta.com": {
    "company": "Pixalate",
    "domain": "adrta.com",
    "purpose": "3",
    "website": "http:\/\/www.pixalate.com\/about\/"
  },
  "adscale.de": {
    "company": "AdScale",
    "domain": "adscale.de",
    "purpose": "3",
    "website": "https:\/\/www.stroeer.com\/"
  },
  "adscience.nl": {
    "company": "Adscience",
    "domain": "adscience.nl",
    "purpose": "3",
    "website": "https:\/\/www.adscience.nl\/our-story\/"
  },
  "adsniper.ru": {
    "company": "AdSniper",
    "domain": "adsniper.ru",
    "purpose": "3",
    "website": "http:\/\/adsniper.ru\/"
  },
  "adsrvr.org": {
    "company": "The Trade Desk",
    "domain": "adsrvr.org",
    "purpose": "3",
    "website": "https:\/\/www.thetradedesk.com\/about"
  },
  "adswizz.com": {
    "company": "AdsWizz Inc.",
    "domain": "adswizz.com",
    "purpose": "3",
    "website": "http:\/\/www.adswizz.com\/"
  },
  "adsymptotic.com": {
    "company": "Drawbridge Inc",
    "domain": "adsymptotic.com",
    "purpose": "3",
    "website": "https:\/\/drawbridge.com\/about-us"
  },
  "adtech.de": {
    "company": "ADTECH",
    "domain": "adtech.de",
    "purpose": "2",
    "website": "http:\/\/oneadserver.aol.com\/"
  },
  "adventori.com": {
    "company": "ADventori SAS",
    "domain": "adventori.com",
    "purpose": "unknown",
    "website": ""
  },
  "advertising.com": {
    "company": "Advertising.com",
    "domain": "advertising.com",
    "purpose": "3",
    "website": "http:\/\/advertising.aol.com\/about-us"
  },
  "adwstats.com": {
    "company": "Adways",
    "domain": "adwstats.com",
    "purpose": "unknown",
    "website": ""
  },
  "agkn.com": {
    "company": "Neustar, Inc.",
    "domain": "agkn.com",
    "purpose": "3",
    "website": "https:\/\/www.neustar.biz\/about-us"
  },
  "altitude-arena.com": {
    "company": "Altitude Digital",
    "domain": "altitude-arena.com",
    "purpose": "3",
    "website": "http:\/\/www.altitudedigital.com\/about\/"
  },
  "alvexo.com": {
    "company": "VPR Safe Financial Group Limited",
    "domain": "alvexo.com",
    "purpose": "unknown",
    "website": ""
  },
  "amazon-adsystem.com": {
    "company": "Amazon Technologies, Inc.",
    "domain": "amazon-adsystem.com",
    "purpose": "3",
    "website": ""
  },
  "angsrvr.com": {
    "company": "Falk Technologies",
    "domain": "angsrvr.com",
    "purpose": "unknown",
    "website": ""
  },
  "appier.net": {
    "company": "Appier",
    "domain": "appier.net",
    "purpose": "3",
    "website": "http:\/\/www.appier.com\/en\/about.html"
  },
  "apxlv.com": {
    "company": "Digital Point",
    "domain": "apxlv.com",
    "purpose": "1",
    "website": "https:\/\/www.digitalpoint.com\/"
  },
  "atdmt.com": {
    "company": "Facebook, Inc.",
    "domain": "atdmt.com",
    "purpose": "3",
    "website": "https:\/\/atlassolutionsgroup.com\/about-us\/"
  },
  "atemda.com": {
    "company": "Admeta AB",
    "domain": "atemda.com",
    "purpose": "3",
    "website": "http:\/\/www.admeta.com\/aboutadmeta"
  },
  "audiencemanager.de": {
    "company": "Nano Interactive",
    "domain": "audiencemanager.de",
    "purpose": "3",
    "website": ""
  },
  "audrte.com": {
    "company": "audrte.com",
    "domain": "audrte.com",
    "purpose": "unknown",
    "website": ""
  },
  "avads.net": {
    "company": "AntVoice",
    "domain": "avads.net",
    "purpose": "unknown",
    "website": ""
  },
  "avocet.io": {
    "company": "Avocet Systems Limited",
    "domain": "avocet.io",
    "purpose": "unknown",
    "website": ""
  },
  "awin1.com": {
    "company": "Affiliate Window",
    "domain": "awin1.com",
    "purpose": "3",
    "website": "https:\/\/www.awin.com\/gb\/about-us"
  },
  "ayads.co": {
    "company": "Sublime Skinz",
    "domain": "ayads.co",
    "purpose": "3",
    "website": ""
  },
  "basebanner.com": {
    "company": "Taboola",
    "domain": "basebanner.com",
    "purpose": "3",
    "website": "https:\/\/www.taboola.com\/our-story"
  },
  "bidr.io": {
    "company": "Beeswax",
    "domain": "bidr.io",
    "purpose": "1",
    "website": "http:\/\/beeswax.com\/about\/"
  },
  "bidswitch.net": {
    "company": "Bidswitch",
    "domain": "bidswitch.net",
    "purpose": "3",
    "website": "http:\/\/www.iponweb.com\/who-we-are\/about-us\/"
  },
  "bidtheatre.com": {
    "company": "BidTheatre AB",
    "domain": "bidtheatre.com",
    "purpose": "3",
    "website": "http:\/\/www.bidtheatre.com\/about-us\/"
  },
  "bing.com": {
    "company": "Microsoft Corporation",
    "domain": "bing.com",
    "purpose": "3",
    "website": "http:\/\/advertising.microsoft.com\/advertising-online"
  },
  "bjp-publicite.com": {
    "company": "bjp-publicite.com",
    "domain": "bjp-publicite.com",
    "purpose": "unknown",
    "website": ""
  },
  "blismedia.com": {
    "company": "Blis Media Limited",
    "domain": "blismedia.com",
    "purpose": "unknown",
    "website": ""
  },
  "bluekai.com": {
    "company": "BlueKai",
    "domain": "bluekai.com",
    "purpose": "3",
    "website": "http:\/\/www.oracle.com\/us\/corporate\/acquisitions\/bluekai\/index.html"
  },
  "brand-display.com": {
    "company": "\u8bfa\u745e\u65af (\u5e7f\u5dde) \u5e7f\u544a\u4f20\u5a92\u6709\u9650\u516c\u53f8",
    "domain": "brand-display.com",
    "purpose": "3",
    "website": "https:\/\/www.knorex.com\/#company"
  },
  "bumlam.com": {
    "company": "bumlam.com",
    "domain": "bumlam.com",
    "purpose": "unknown",
    "website": ""
  },
  "calotag.com": {
    "company": "Caloga",
    "domain": "calotag.com",
    "purpose": "unknown",
    "website": ""
  },
  "casalemedia.com": {
    "company": "Index Exchange Inc.",
    "domain": "casalemedia.com",
    "purpose": "3",
    "website": "http:\/\/www.indexexchange.com\/about\/"
  },
  "cbarsrv.com": {
    "company": "cbarsrv.com",
    "domain": "cbarsrv.com",
    "purpose": "unknown",
    "website": ""
  },
  "cdn3.net": {
    "company": "cdn3.net",
    "domain": "cdn3.net",
    "purpose": "unknown",
    "website": ""
  },
  "chargeads.com": {
    "company": "chargeads.com",
    "domain": "chargeads.com",
    "purpose": "unknown",
    "website": ""
  },
  "clickonometrics.pl": {
    "company": "Clickonometrics",
    "domain": "clickonometrics.pl",
    "purpose": "3",
    "website": "http:\/\/clickonometrics.pl\/"
  },
  "cliipa.com": {
    "company": "cliipa.com",
    "domain": "cliipa.com",
    "purpose": "unknown",
    "website": ""
  },
  "clrstm.com": {
    "company": "ORC International",
    "domain": "clrstm.com",
    "purpose": "3",
    "website": "http:\/\/clearstream.tv\/about-us"
  },
  "commander1.com": {
    "company": "Fjord Technologies",
    "domain": "commander1.com",
    "purpose": "1",
    "website": ""
  },
  "company-target.com": {
    "company": "Demandbase",
    "domain": "company-target.com",
    "purpose": "3",
    "website": "https:\/\/www.demandbase.com\/company\/"
  },
  "consensu.org": {
    "company": "IAB Europe",
    "domain": "consensu.org",
    "purpose": "1",
    "website": ""
  },
  "contextweb.com": {
    "company": "PulsePoint",
    "domain": "contextweb.com",
    "purpose": "3",
    "website": "http:\/\/www.pulsepoint.com\/home-about.html"
  },
  "cpdcsn.com": {
    "company": "cpdcsn.com",
    "domain": "cpdcsn.com",
    "purpose": "unknown",
    "website": ""
  },
  "cpx.to": {
    "company": "cpx.to",
    "domain": "cpx.to",
    "purpose": "unknown",
    "website": ""
  },
  "creative-serving.com": {
    "company": "Platform161",
    "domain": "creative-serving.com",
    "purpose": "2",
    "website": "http:\/\/platform161.com\/"
  },
  "criteo.com": {
    "company": "Criteo SA",
    "domain": "criteo.com",
    "purpose": "3",
    "website": "http:\/\/www.criteo.com\/about-us\/"
  },
  "crm4d.com": {
    "company": "Graphinium",
    "domain": "crm4d.com",
    "purpose": "2",
    "website": "https:\/\/crm4d.com\/"
  },
  "crwdcntrl.net": {
    "company": "Lotame",
    "domain": "crwdcntrl.net",
    "purpose": "3",
    "website": "http:\/\/www.lotame.com\/about"
  },
  "ctnsnet.com": {
    "company": "Non-Public Data",
    "domain": "ctnsnet.com",
    "purpose": "3",
    "website": "https:\/\/crimtan.com\/company\/"
  },
  "cxense.com": {
    "company": "Cxense ASA",
    "domain": "cxense.com",
    "purpose": "3",
    "website": "https:\/\/www.cxense.com\/about-us"
  },
  "dailymotion.com": {
    "company": "Dailymotion",
    "domain": "dailymotion.com",
    "purpose": "unknown",
    "website": ""
  },
  "datadome.co": {
    "company": "DataDome",
    "domain": "datadome.co",
    "purpose": "2",
    "website": ""
  },
  "deepintent.com": {
    "company": "DeepIntent, Inc.",
    "domain": "deepintent.com",
    "purpose": "3",
    "website": ""
  },
  "deliverimp.com": {
    "company": "deliverimp.com",
    "domain": "deliverimp.com",
    "purpose": "unknown",
    "website": ""
  },
  "demdex.net": {
    "company": "Adobe Inc.",
    "domain": "demdex.net",
    "purpose": "3",
    "website": "https:\/\/www.adobe.com\/about-adobe.html?promoid=2NVQCDBQ&mv=other"
  },
  "deployads.com": {
    "company": "Snapsort Inc.",
    "domain": "deployads.com",
    "purpose": "3",
    "website": "https:\/\/sortable.com\/about-us\/"
  },
  "digitru.st": {
    "company": "DigiTrust \/ IAB Tech Lab",
    "domain": "digitru.st",
    "purpose": "3",
    "website": ""
  },
  "dmxleo.com": {
    "company": "Dailymotion Advertising",
    "domain": "dmxleo.com",
    "purpose": "3",
    "website": ""
  },
  "doubleclick.net": {
    "company": "Google Inc.",
    "domain": "doubleclick.net",
    "purpose": "3",
    "website": "http:\/\/www.google.com\/intl\/en\/about.html"
  },
  "dyntrk.com": {
    "company": "DynAdmic",
    "domain": "dyntrk.com",
    "purpose": "3",
    "website": "http:\/\/www.dynadmic.com\/"
  },
  "easydmp.net": {
    "company": "EMATCH",
    "domain": "easydmp.net",
    "purpose": "unknown",
    "website": ""
  },
  "email-match.com": {
    "company": "EMacth",
    "domain": "email-match.com",
    "purpose": "3",
    "website": "http:\/\/www.squadata.net\/adtech\/"
  },
  "email-reflex.com": {
    "company": "Dalenys Payment",
    "domain": "email-reflex.com",
    "purpose": "3",
    "website": ""
  },
  "embed.ly": {
    "company": "Embedly",
    "domain": "embed.ly",
    "purpose": "2",
    "website": ""
  },
  "emerse.com": {
    "company": "Emerse Sverige AB",
    "domain": "emerse.com",
    "purpose": "unknown",
    "website": ""
  },
  "eqads.com": {
    "company": "EQWorks",
    "domain": "eqads.com",
    "purpose": "3",
    "website": "http:\/\/www.eqworks.com\/about\/overview\/"
  },
  "erne.co": {
    "company": "AdPilot",
    "domain": "erne.co",
    "purpose": "3",
    "website": "http:\/\/en.adpilot.com\/"
  },
  "esearchvision.com": {
    "company": "esearchvision.com",
    "domain": "esearchvision.com",
    "purpose": "unknown",
    "website": ""
  },
  "estat.com": {
    "company": "eStat",
    "domain": "estat.com",
    "purpose": "2",
    "website": "http:\/\/www.mediametrie.com\/mediametrie\/index.php"
  },
  "eulerian.net": {
    "company": "Eulerian Technologies",
    "domain": "eulerian.net",
    "purpose": "3",
    "website": "https:\/\/www.eulerian.com\/en\/about-us\/"
  },
  "everesttech.net": {
    "company": "Adobe Inc.",
    "domain": "everesttech.net",
    "purpose": "3",
    "website": "https:\/\/www.adobe.com\/about-adobe.html?promoid=2NVQCDBQ&mv=other"
  },
  "ew3.io": {
    "company": "Eulerian Technologies",
    "domain": "ew3.io",
    "purpose": "2",
    "website": ""
  },
  "exelator.com": {
    "company": "eXelate",
    "domain": "exelator.com",
    "purpose": "3",
    "website": "http:\/\/exelate.com\/about-us\/"
  },
  "experianmarketingservices.digital": {
    "company": "experianmarketingservices.digital",
    "domain": "experianmarketingservices.digital",
    "purpose": "unknown",
    "website": ""
  },
  "exposebox.com": {
    "company": "ExposeBox",
    "domain": "exposebox.com",
    "purpose": "unknown",
    "website": ""
  },
  "extend.tv": {
    "company": "ZypMedia",
    "domain": "extend.tv",
    "purpose": "3",
    "website": "http:\/\/www.zypmedia.com\/#k_row-the-team"
  },
  "eyeota.net": {
    "company": "Eyeota",
    "domain": "eyeota.net",
    "purpose": "3",
    "website": "http:\/\/www.eyeota.com\/"
  },
  "eyeviewads.com": {
    "company": "EyeView, Inc.",
    "domain": "eyeviewads.com",
    "purpose": "3",
    "website": "http:\/\/www.eyeviewdigital.com\/about\/?ev=1"
  },
  "ezakus.net": {
    "company": "Ezakus",
    "domain": "ezakus.net",
    "purpose": "3",
    "website": "http:\/\/www.np6.co.uk\/about-np6\/"
  },
  "facebook.com": {
    "company": "Facebook, Inc.",
    "domain": "facebook.com",
    "purpose": "3",
    "website": "https:\/\/www.facebook.com\/about\/"
  },
  "fdj.fr": {
    "company": "fdj.fr",
    "domain": "fdj.fr",
    "purpose": "unknown",
    "website": ""
  },
  "flashtalking.com": {
    "company": "Flashtalking, Inc.",
    "domain": "flashtalking.com",
    "purpose": "3",
    "website": "http:\/\/www.flashtalking.com\/us\/about-us\/"
  },
  "flipboard.com": {
    "company": "Flipboard",
    "domain": "flipboard.com",
    "purpose": "unknown",
    "website": ""
  },
  "fnac.com": {
    "company": "fnac.com",
    "domain": "fnac.com",
    "purpose": "unknown",
    "website": ""
  },
  "fogl1onf.com": {
    "company": "OnFocus",
    "domain": "fogl1onf.com",
    "purpose": "3",
    "website": "http:\/\/onfocus.io\/#features"
  },
  "francetvinfo.fr": {
    "company": "francetvinfo.fr",
    "domain": "francetvinfo.fr",
    "purpose": "unknown",
    "website": ""
  },
  "freeskreen.com": {
    "company": "SlimCutMedia",
    "domain": "freeskreen.com",
    "purpose": "2",
    "website": "http:\/\/www.slimcutmedia.com\/about-us\/"
  },
  "fwmrm.net": {
    "company": "Freewheel Media Inc.",
    "domain": "fwmrm.net",
    "purpose": "1",
    "website": "http:\/\/freewheel.tv\/about\/"
  },
  "gigya.com": {
    "company": "Gigya",
    "domain": "gigya.com",
    "purpose": "2",
    "website": "http:\/\/www.gigya.com\/about-us\/"
  },
  "glotgrx.com": {
    "company": "glotgrx.com",
    "domain": "glotgrx.com",
    "purpose": "unknown",
    "website": ""
  },
  "google.com": {
    "company": "Google LLC",
    "domain": "google.com",
    "purpose": "3",
    "website": ""
  },
  "google.fr": {
    "company": "Google",
    "domain": "google.fr",
    "purpose": "3",
    "website": ""
  },
  "googlesyndication.com": {
    "company": "Google LLC",
    "domain": "googlesyndication.com",
    "purpose": "3",
    "website": "http:\/\/www.google.com\/intl\/en\/about.html"
  },
  "gsoi.fr": {
    "company": "gsoi.fr",
    "domain": "gsoi.fr",
    "purpose": "unknown",
    "website": ""
  },
  "gumgum.com": {
    "company": "GumGum, Inc.",
    "domain": "gumgum.com",
    "purpose": "3",
    "website": "http:\/\/gumgum.com\/about"
  },
  "gwallet.com": {
    "company": "RadiumOne, Inc.",
    "domain": "gwallet.com",
    "purpose": "3",
    "website": "https:\/\/radiumone.com\/company\/"
  },
  "hexago.io": {
    "company": "SPQR",
    "domain": "hexago.io",
    "purpose": "unknown",
    "website": ""
  },
  "hybrid.ai": {
    "company": "Hybrid Adtech GmbH",
    "domain": "hybrid.ai",
    "purpose": "3",
    "website": ""
  },
  "ibillboard.com": {
    "company": "Internet BillBoard a.s.",
    "domain": "ibillboard.com",
    "purpose": "3",
    "website": "http:\/\/www.ibillboard.com\/en\/about-us\/"
  },
  "id5-sync.com": {
    "company": "ID5 Technology Ltd",
    "domain": "id5-sync.com",
    "purpose": "unknown",
    "website": ""
  },
  "idalgo-hosting.com": {
    "company": "idalgo-hosting.com",
    "domain": "idalgo-hosting.com",
    "purpose": "unknown",
    "website": ""
  },
  "impdesk.com": {
    "company": "Infectious Media",
    "domain": "impdesk.com",
    "purpose": "3",
    "website": ""
  },
  "imrworldwide.com": {
    "company": "The Nielsen Company",
    "domain": "imrworldwide.com",
    "purpose": "3",
    "website": "http:\/\/www.nielsen.com\/us\/en\/about-us.html"
  },
  "innovid.com": {
    "company": "Innovid Inc.",
    "domain": "innovid.com",
    "purpose": "3",
    "website": "http:\/\/www.innovid.com\/about#about-innovid"
  },
  "ipredictive.com": {
    "company": "Adelphic, Inc.",
    "domain": "ipredictive.com",
    "purpose": "2",
    "website": "https:\/\/www.adelphic.com\/about\/"
  },
  "ivitrack.com": {
    "company": "Ividence",
    "domain": "ivitrack.com",
    "purpose": "3",
    "website": "http:\/\/www.ividence.com\/en\/the-company\/"
  },
  "justpremium.com": {
    "company": "Justpremium BV",
    "domain": "justpremium.com",
    "purpose": "3",
    "website": "http:\/\/justpremium.com\/"
  },
  "kameleoon.com": {
    "company": "Kameleoon",
    "domain": "kameleoon.com",
    "purpose": "2",
    "website": "http:\/\/www.kameleoon.com\/fr\/societe.html"
  },
  "kelkoogroup.net": {
    "company": "Kelkoo SAS",
    "domain": "kelkoogroup.net",
    "purpose": "unknown",
    "website": ""
  },
  "korrelate.net": {
    "company": "Korrelate",
    "domain": "korrelate.net",
    "purpose": "3",
    "website": "http:\/\/korrelate.com\/about-us\/"
  },
  "krxd.net": {
    "company": "Salesforce.com, Inc.",
    "domain": "krxd.net",
    "purpose": "3",
    "website": "https:\/\/www.krux.com\/company\/about-krux\/"
  },
  "lachainemeteo.com": {
    "company": "METEO CONSULT",
    "domain": "lachainemeteo.com",
    "purpose": "unknown",
    "website": ""
  },
  "laplacemedia.com": {
    "company": "laplacemedia.com",
    "domain": "laplacemedia.com",
    "purpose": "unknown",
    "website": ""
  },
  "laredoute.fr": {
    "company": "laredoute.fr",
    "domain": "laredoute.fr",
    "purpose": "unknown",
    "website": ""
  },
  "lavoix.com": {
    "company": "lavoix.com",
    "domain": "lavoix.com",
    "purpose": "unknown",
    "website": ""
  },
  "leadplace.fr": {
    "company": "LeadPlace",
    "domain": "leadplace.fr",
    "purpose": "2",
    "website": "http:\/\/leadplace.co.uk\/"
  },
  "leon-de-bruxelles.fr": {
    "company": "leon-de-bruxelles.fr",
    "domain": "leon-de-bruxelles.fr",
    "purpose": "unknown",
    "website": ""
  },
  "lfstmedia.com": {
    "company": "LifeStreet",
    "domain": "lfstmedia.com",
    "purpose": "3",
    "website": "http:\/\/lifestreetmedia.com\/"
  },
  "liadm.com": {
    "company": "Live Intent",
    "domain": "liadm.com",
    "purpose": "2",
    "website": "https:\/\/liveintent.com\/about\/our-philosophy\/"
  },
  "ligadx.com": {
    "company": "Ligatus GmbH",
    "domain": "ligadx.com",
    "purpose": "3",
    "website": "http:\/\/www.ligatus.com\/"
  },
  "lijit.com": {
    "company": "sovrn",
    "domain": "lijit.com",
    "purpose": "3",
    "website": ""
  },
  "loopme.me": {
    "company": "LoopMe Ltd",
    "domain": "loopme.me",
    "purpose": "unknown",
    "website": ""
  },
  "lqm.io": {
    "company": "LiquidM Technology GmbH",
    "domain": "lqm.io",
    "purpose": "3",
    "website": ""
  },
  "m6r.eu": {
    "company": "mbr targeting",
    "domain": "m6r.eu",
    "purpose": "3",
    "website": "https:\/\/www.stroeer.com\/"
  },
  "mathtag.com": {
    "company": "MediaMath",
    "domain": "mathtag.com",
    "purpose": "3",
    "website": "http:\/\/www.mediamath.com\/about\/"
  },
  "media.net": {
    "company": "Media.net Advertising FZ-LLC",
    "domain": "media.net",
    "purpose": "3",
    "website": "http:\/\/www.media.net\/aboutus"
  },
  "mediaplex.com": {
    "company": "Conversant, Inc.",
    "domain": "mediaplex.com",
    "purpose": "3",
    "website": "http:\/\/www.conversantmedia.com\/about-us"
  },
  "mediapostcommunication.net": {
    "company": "Mediapost Communications",
    "domain": "mediapostcommunication.net",
    "purpose": "2",
    "website": "https:\/\/vrm.mediapostcommunication.net\/mediapost-communication"
  },
  "mediarithmics.com": {
    "company": "mediarithmics SAS",
    "domain": "mediarithmics.com",
    "purpose": "3",
    "website": ""
  },
  "mediego.com": {
    "company": "Medigo",
    "domain": "mediego.com",
    "purpose": "3",
    "website": "https:\/\/www.mediego.com\/en\/about\/"
  },
  "mfadsrvr.com": {
    "company": "mfadsrvr.com",
    "domain": "mfadsrvr.com",
    "purpose": "unknown",
    "website": ""
  },
  "ml314.com": {
    "company": "Bombora",
    "domain": "ml314.com",
    "purpose": "2",
    "website": "http:\/\/bombora.com\/about\/"
  },
  "mmtro.com": {
    "company": "1000mercis",
    "domain": "mmtro.com",
    "purpose": "2",
    "website": "http:\/\/www.1000mercis.com\/about-us\/company-overview.html"
  },
  "moodviewer.com": {
    "company": "moodviewer.com",
    "domain": "moodviewer.com",
    "purpose": "unknown",
    "website": ""
  },
  "mookie1.com": {
    "company": "Xaxis",
    "domain": "mookie1.com",
    "purpose": "3",
    "website": ""
  },
  "mxptint.net": {
    "company": "MaxPoint Interactive",
    "domain": "mxptint.net",
    "purpose": "3",
    "website": "http:\/\/maxpoint.com\/us"
  },
  "mynativeplatform.com": {
    "company": "mynativeplatform.com",
    "domain": "mynativeplatform.com",
    "purpose": "unknown",
    "website": ""
  },
  "myvideoplace.tv": {
    "company": "myvideoplace.tv",
    "domain": "myvideoplace.tv",
    "purpose": "unknown",
    "website": ""
  },
  "narrative.io": {
    "company": "Narrative I\/O",
    "domain": "narrative.io",
    "purpose": "2",
    "website": ""
  },
  "netmng.com": {
    "company": "IgnitionOne, LLC",
    "domain": "netmng.com",
    "purpose": "3",
    "website": "http:\/\/www.netmining.com\/"
  },
  "non.li": {
    "company": "non.li",
    "domain": "non.li",
    "purpose": "unknown",
    "website": ""
  },
  "notification.group": {
    "company": "Accengage",
    "domain": "notification.group",
    "purpose": "unknown",
    "website": ""
  },
  "nr-data.net": {
    "company": "New Relic",
    "domain": "nr-data.net",
    "purpose": "2",
    "website": "https:\/\/newrelic.com\/about"
  },
  "nrich.ai": {
    "company": "nrich.ai",
    "domain": "nrich.ai",
    "purpose": "unknown",
    "website": ""
  },
  "nuggad.net": {
    "company": "Nugg.Ad",
    "domain": "nuggad.net",
    "purpose": "3",
    "website": "http:\/\/www.nugg.ad\/en\/nuggad\/company.html"
  },
  "nui.media": {
    "company": "NUI Media",
    "domain": "nui.media",
    "purpose": "unknown",
    "website": ""
  },
  "nxtck.com": {
    "company": "Rakuten Marketing LLC",
    "domain": "nxtck.com",
    "purpose": "3",
    "website": "http:\/\/www.nextperf.com\/"
  },
  "omnitagjs.com": {
    "company": "Omnitag JS",
    "domain": "omnitagjs.com",
    "purpose": "3",
    "website": "https:\/\/www.adyoulike.com\/about_us.php"
  },
  "onaudience.com": {
    "company": "Cloud Technologies S.A.",
    "domain": "onaudience.com",
    "purpose": "3",
    "website": "http:\/\/www.onaudience.com\/company"
  },
  "onesignal.com": {
    "company": "OneSignal",
    "domain": "onesignal.com",
    "purpose": "1",
    "website": "https:\/\/onesignal.com\/about"
  },
  "onetrust.com": {
    "company": "OneTrust",
    "domain": "onetrust.com",
    "purpose": "1",
    "website": ""
  },
  "onfocus.io": {
    "company": "Onfocus",
    "domain": "onfocus.io",
    "purpose": "3",
    "website": "http:\/\/onfocus.io\/#features"
  },
  "onthe.io": {
    "company": "IO Technologies Inc.",
    "domain": "onthe.io",
    "purpose": "2",
    "website": "https:\/\/t.onthe.io\/media"
  },
  "openx.net": {
    "company": "OpenX",
    "domain": "openx.net",
    "purpose": "3",
    "website": "http:\/\/openx.com\/about\/"
  },
  "optinproject.com": {
    "company": "optinproject.com",
    "domain": "optinproject.com",
    "purpose": "unknown",
    "website": ""
  },
  "outbrain.com": {
    "company": "Outbrain UK Ltd",
    "domain": "outbrain.com",
    "purpose": "unknown",
    "website": "http:\/\/www.outbrain.com\/about\/company"
  },
  "owneriq.net": {
    "company": "OwnerIQ",
    "domain": "owneriq.net",
    "purpose": "3",
    "website": "http:\/\/www.owneriq.com\/about"
  },
  "ownpage.fr": {
    "company": "Ownpage",
    "domain": "ownpage.fr",
    "purpose": "1",
    "website": ""
  },
  "pagefair.com": {
    "company": "PageFair Limited",
    "domain": "pagefair.com",
    "purpose": "1",
    "website": "http:\/\/pagefair.com\/about\/"
  },
  "parsely.com": {
    "company": "Parsely",
    "domain": "parsely.com",
    "purpose": "2",
    "website": "http:\/\/www.parsely.com\/about\/"
  },
  "partners-femmeactuelle.fr": {
    "company": "partners-femmeactuelle.fr",
    "domain": "partners-femmeactuelle.fr",
    "purpose": "unknown",
    "website": ""
  },
  "pinterest.com": {
    "company": "DNStination Inc.",
    "domain": "pinterest.com",
    "purpose": "4",
    "website": "http:\/\/pinterest.com\/about\/"
  },
  "pippa.io": {
    "company": "pippa.io",
    "domain": "pippa.io",
    "purpose": "unknown",
    "website": ""
  },
  "piximedia.com": {
    "company": "PIXIMEDIA SAS",
    "domain": "piximedia.com",
    "purpose": "3",
    "website": "http:\/\/www.piximedia.com\/?lang=en_US"
  },
  "playground.xyz": {
    "company": "PLAYGROUND XYZ EMEA LTD",
    "domain": "playground.xyz",
    "purpose": "unknown",
    "website": ""
  },
  "pmdstatic.net": {
    "company": "PRISMA Media",
    "domain": "pmdstatic.net",
    "purpose": "unknown",
    "website": ""
  },
  "poool.fr": {
    "company": "poool.fr",
    "domain": "poool.fr",
    "purpose": "unknown",
    "website": ""
  },
  "postrelease.com": {
    "company": "Nativo, Inc",
    "domain": "postrelease.com",
    "purpose": "3",
    "website": "http:\/\/www.nativo.net\/#about"
  },
  "powerlinks.com": {
    "company": "PowerLinks Media Limited",
    "domain": "powerlinks.com",
    "purpose": "3",
    "website": "http:\/\/www.powerlinks.com\/about"
  },
  "prismaconnect.fr": {
    "company": "prismaconnect.fr",
    "domain": "prismaconnect.fr",
    "purpose": "unknown",
    "website": ""
  },
  "prismamedia.com": {
    "company": "PRISMA-MEDIA",
    "domain": "prismamedia.com",
    "purpose": "unknown",
    "website": ""
  },
  "prismamediadigital.com": {
    "company": "Prisma Media Digital",
    "domain": "prismamediadigital.com",
    "purpose": "3",
    "website": "http:\/\/www.prisma-presse.com\/index.php?prisma_media_digital"
  },
  "programattik.com": {
    "company": "Turk Telekomunikasyon A.S",
    "domain": "programattik.com",
    "purpose": "3",
    "website": ""
  },
  "proxistore.com": {
    "company": "PROXISTORE",
    "domain": "proxistore.com",
    "purpose": "3",
    "website": ""
  },
  "pubmatic.com": {
    "company": "PubMatic, Inc.",
    "domain": "pubmatic.com",
    "purpose": "3",
    "website": "http:\/\/www.pubmatic.com\/about-us.php"
  },
  "quantserve.com": {
    "company": "Quantcast",
    "domain": "quantserve.com",
    "purpose": "3",
    "website": "https:\/\/www.quantcast.com\/about-us\/"
  },
  "radiantmediatechs.com": {
    "company": "Radiant Media Player EURL",
    "domain": "radiantmediatechs.com",
    "purpose": "unknown",
    "website": ""
  },
  "red-by-sfr.fr": {
    "company": "red-by-sfr.fr",
    "domain": "red-by-sfr.fr",
    "purpose": "unknown",
    "website": ""
  },
  "rfihub.com": {
    "company": "Rocket Fuel Inc",
    "domain": "rfihub.com",
    "purpose": "3",
    "website": "http:\/\/rocketfuel.com\/about-us\/"
  },
  "rlcdn.com": {
    "company": "LiveRamp",
    "domain": "rlcdn.com",
    "purpose": "3",
    "website": "http:\/\/liveramp.com\/about\/"
  },
  "rqtrk.eu": {
    "company": "Roq.ad",
    "domain": "rqtrk.eu",
    "purpose": "3",
    "website": ""
  },
  "rubiconproject.com": {
    "company": "The Rubicon Project, Limited",
    "domain": "rubiconproject.com",
    "purpose": "3",
    "website": "http:\/\/rubiconproject.com\/whoweare\/"
  },
  "rundsp.com": {
    "company": "RUN",
    "domain": "rundsp.com",
    "purpose": "3",
    "website": "http:\/\/www.runads.com\/"
  },
  "rutarget.ru": {
    "company": "Segmento, Ltd.",
    "domain": "rutarget.ru",
    "purpose": "3",
    "website": ""
  },
  "s3xified.com": {
    "company": "s3xified.com",
    "domain": "s3xified.com",
    "purpose": "unknown",
    "website": ""
  },
  "scoota.co": {
    "company": "James Booth",
    "domain": "scoota.co",
    "purpose": "unknown",
    "website": ""
  },
  "scorecardresearch.com": {
    "company": "TMRG, Inc",
    "domain": "scorecardresearch.com",
    "purpose": "3",
    "website": "http:\/\/www.fullcirclestudies.com\/about.aspx"
  },
  "sddan.com": {
    "company": "Sirdata",
    "domain": "sddan.com",
    "purpose": "2",
    "website": "http:\/\/www.sirdata.com\/about\/"
  },
  "seadform.net": {
    "company": "GDPR Masked",
    "domain": "seadform.net",
    "purpose": "3",
    "website": "http:\/\/site.adform.com\/company\/about\/"
  },
  "seedtag.com": {
    "company": "Seedtag Advertising S.L",
    "domain": "seedtag.com",
    "purpose": "3",
    "website": ""
  },
  "semasio.net": {
    "company": "Semasio",
    "domain": "semasio.net",
    "purpose": "3",
    "website": "http:\/\/semasio.com\/company"
  },
  "servebom.com": {
    "company": "PURCH",
    "domain": "servebom.com",
    "purpose": "3",
    "website": "http:\/\/purch.com\/about\/"
  },
  "serving-sys.com": {
    "company": "Registercom",
    "domain": "serving-sys.com",
    "purpose": "3",
    "website": "http:\/\/www.sizmek.com\/about\/"
  },
  "sharethis.com": {
    "company": "ShareThis, Inc.",
    "domain": "sharethis.com",
    "purpose": "3",
    "website": "http:\/\/www.sharethis.com\/about.html"
  },
  "sharethrough.com": {
    "company": "Sharethrough, Inc",
    "domain": "sharethrough.com",
    "purpose": "3",
    "website": "http:\/\/sharethrough.com\/company\/"
  },
  "shopcade.com": {
    "company": "shopcade.com",
    "domain": "shopcade.com",
    "purpose": "unknown",
    "website": ""
  },
  "sibautomation.com": {
    "company": "sibautomation.com",
    "domain": "sibautomation.com",
    "purpose": "unknown",
    "website": ""
  },
  "simpli.fi": {
    "company": "Simplifi Holdings Inc.",
    "domain": "simpli.fi",
    "purpose": "3",
    "website": "http:\/\/www.simpli.fi\/about-us"
  },
  "sisley-paris.com": {
    "company": "sisley-paris.com",
    "domain": "sisley-paris.com",
    "purpose": "unknown",
    "website": ""
  },
  "skimresources.com": {
    "company": "Skimbit LTD",
    "domain": "skimresources.com",
    "purpose": "3",
    "website": "http:\/\/skimlinks.com\/company"
  },
  "slgnt.eu": {
    "company": "slgnt.eu",
    "domain": "slgnt.eu",
    "purpose": "unknown",
    "website": ""
  },
  "smartadserver.com": {
    "company": "Smart Adserver",
    "domain": "smartadserver.com",
    "purpose": "3",
    "website": "http:\/\/smartadserver.com\/company\/about-us"
  },
  "smartclip.net": {
    "company": "smartclip Holding AG",
    "domain": "smartclip.net",
    "purpose": "3",
    "website": "http:\/\/www.smartclip.com\/about-us"
  },
  "smartp.com": {
    "company": "smartp.com",
    "domain": "smartp.com",
    "purpose": "unknown",
    "website": ""
  },
  "socdm.com": {
    "company": "GMO Internet Inc.",
    "domain": "socdm.com",
    "purpose": "3",
    "website": "https:\/\/supership.jp\/#about"
  },
  "sonobi.com": {
    "company": "Sonobi, Inc",
    "domain": "sonobi.com",
    "purpose": "3",
    "website": "http:\/\/sonobi.com\/"
  },
  "spotim.market": {
    "company": "spotim.market",
    "domain": "spotim.market",
    "purpose": "unknown",
    "website": ""
  },
  "spotxchange.com": {
    "company": "SpotXchange",
    "domain": "spotxchange.com",
    "purpose": "3",
    "website": "https:\/\/www.spotxchange.com\/about"
  },
  "spoutable.com": {
    "company": "Spoutable",
    "domain": "spoutable.com",
    "purpose": "3",
    "website": "http:\/\/spoutable.com\/"
  },
  "sspqns.com": {
    "company": "sspqns.com",
    "domain": "sspqns.com",
    "purpose": "unknown",
    "website": ""
  },
  "stackadapt.com": {
    "company": "StackAdapt",
    "domain": "stackadapt.com",
    "purpose": "3",
    "website": "https:\/\/www.stackadapt.com\/company"
  },
  "stickyadstv.com": {
    "company": "STICKY ADS TV S.A.S.",
    "domain": "stickyadstv.com",
    "purpose": "3",
    "website": "http:\/\/www.stickyads.tv\/"
  },
  "storygize.net": {
    "company": "Storygize",
    "domain": "storygize.net",
    "purpose": "3",
    "website": ""
  },
  "sundaysky.com": {
    "company": "SundaySky",
    "domain": "sundaysky.com",
    "purpose": "3",
    "website": "https:\/\/sundaysky.com\/company\/about-sundaysky\/"
  },
  "switchadhub.com": {
    "company": "Switch Concepts",
    "domain": "switchadhub.com",
    "purpose": "3",
    "website": "http:\/\/www.switchconcepts.com"
  },
  "taboola.com": {
    "company": "Taboola Europe Limited",
    "domain": "taboola.com",
    "purpose": "3",
    "website": "https:\/\/www.taboola.com\/our-story"
  },
  "tapad.com": {
    "company": "Tapad, Inc.",
    "domain": "tapad.com",
    "purpose": "3",
    "website": "http:\/\/www.tapad.com\/about-us\/who-we-are\/"
  },
  "teads.tv": {
    "company": "Teads",
    "domain": "teads.tv",
    "purpose": "3",
    "website": "https:\/\/teads.tv\/about-teads\/"
  },
  "tget.me": {
    "company": "tget.me",
    "domain": "tget.me",
    "purpose": "unknown",
    "website": ""
  },
  "theadex.com": {
    "company": "The ADEX GmbH",
    "domain": "theadex.com",
    "purpose": "3",
    "website": "http:\/\/www.theadex.com\/company\/"
  },
  "theadtech.com": {
    "company": "theadtech.com",
    "domain": "theadtech.com",
    "purpose": "unknown",
    "website": ""
  },
  "thebrighttag.com": {
    "company": "Signal",
    "domain": "thebrighttag.com",
    "purpose": "1",
    "website": "http:\/\/www.signal.co\/company\/"
  },
  "tidaltv.com": {
    "company": "Amobee, Inc",
    "domain": "tidaltv.com",
    "purpose": "3",
    "website": "http:\/\/www.videologygroup.com\/about\/"
  },
  "tinypass.com": {
    "company": "Piano Software",
    "domain": "tinypass.com",
    "purpose": "1",
    "website": ""
  },
  "tradelab.fr": {
    "company": "Tradelab",
    "domain": "tradelab.fr",
    "purpose": "3",
    "website": "http:\/\/tradelab.com\/en\/company\/"
  },
  "tribalfusion.com": {
    "company": "Tribal Fusion",
    "domain": "tribalfusion.com",
    "purpose": "3",
    "website": "http:\/\/exponential.com\/advertisers-overview\/"
  },
  "truoptik.com": {
    "company": "Tru Optik",
    "domain": "truoptik.com",
    "purpose": "2",
    "website": ""
  },
  "ttlbd.net": {
    "company": "ttlbd.net",
    "domain": "ttlbd.net",
    "purpose": "unknown",
    "website": ""
  },
  "turn.com": {
    "company": "Turn Inc.",
    "domain": "turn.com",
    "purpose": "3",
    "website": "http:\/\/www.turn.com\/company"
  },
  "twimg.com": {
    "company": "Twitter, Inc.",
    "domain": "twimg.com",
    "purpose": "4",
    "website": "https:\/\/about.twitter.com\/company"
  },
  "twitter.com": {
    "company": "Twitter, Inc.",
    "domain": "twitter.com",
    "purpose": "4",
    "website": "https:\/\/about.twitter.com\/company"
  },
  "udmserve.net": {
    "company": "Underdog Media LLC",
    "domain": "udmserve.net",
    "purpose": "3",
    "website": "http:\/\/www.underdogmedia.com\/about-us\/"
  },
  "ultimedia.com": {
    "company": "DIGITEKA Technologies",
    "domain": "ultimedia.com",
    "purpose": "3",
    "website": "https:\/\/digiteka.com\/histoire-et-vision\/"
  },
  "unrulymedia.com": {
    "company": "Unruly Group Ltd",
    "domain": "unrulymedia.com",
    "purpose": "3",
    "website": "http:\/\/unruly.co\/about-us\/#intro"
  },
  "upravel.com": {
    "company": "upravel.com",
    "domain": "upravel.com",
    "purpose": "unknown",
    "website": ""
  },
  "veinteractive.com": {
    "company": "Netnames Ltd",
    "domain": "veinteractive.com",
    "purpose": "3",
    "website": "https:\/\/www.veinteractive.com\/us\/about-us\/"
  },
  "videoamp.com": {
    "company": "videoamp.com",
    "domain": "videoamp.com",
    "purpose": "unknown",
    "website": ""
  },
  "videohub.tv": {
    "company": "Tremor Video DSP",
    "domain": "videohub.tv",
    "purpose": "1",
    "website": ""
  },
  "videoplaza.tv": {
    "company": "Ooyala AB",
    "domain": "videoplaza.tv",
    "purpose": "3",
    "website": "http:\/\/www.videoplaza.com\/company\/"
  },
  "volvelle.tech": {
    "company": "Optomaton UG (haftungsbeschraenkt)",
    "domain": "volvelle.tech",
    "purpose": "3",
    "website": ""
  },
  "w55c.net": {
    "company": "DataXu",
    "domain": "w55c.net",
    "purpose": "3",
    "website": "http:\/\/www.dataxu.com\/about-us\/"
  },
  "walmart.com": {
    "company": "Walmart",
    "domain": "walmart.com",
    "purpose": "unknown",
    "website": ""
  },
  "wayfair.com": {
    "company": "Wayfair, LLC",
    "domain": "wayfair.com",
    "purpose": "unknown",
    "website": ""
  },
  "weborama.com": {
    "company": "WEBORAMA",
    "domain": "weborama.com",
    "purpose": "1",
    "website": "https:\/\/www.weborama.com\/data\/presentation\/"
  },
  "weborama.fr": {
    "company": "Weborama",
    "domain": "weborama.fr",
    "purpose": "1",
    "website": "https:\/\/www.weborama.com\/data\/presentation\/"
  },
  "widespace.com": {
    "company": "Widespace AB",
    "domain": "widespace.com",
    "purpose": "3",
    "website": "http:\/\/www.widespace.com\/about\/we-are-widespace\/"
  },
  "wysistat.com": {
    "company": "Wysistat",
    "domain": "wysistat.com",
    "purpose": "2",
    "website": "http:\/\/wysistat.net\/mesure-audience\/references\/"
  },
  "xiti.com": {
    "company": "AT INTERNET",
    "domain": "xiti.com",
    "purpose": "2",
    "website": "http:\/\/www.atinternet.com\/en\/"
  },
  "y-medialink.com": {
    "company": "Ysance",
    "domain": "y-medialink.com",
    "purpose": "unknown",
    "website": ""
  },
  "yabidos.com": {
    "company": "FraudLogix",
    "domain": "yabidos.com",
    "purpose": "3",
    "website": ""
  },
  "yahoo.com": {
    "company": "Oath Inc.",
    "domain": "yahoo.com",
    "purpose": "2",
    "website": ""
  },
  "yandex.ru": {
    "company": "YANDEX, LLC.",
    "domain": "yandex.ru",
    "purpose": "3",
    "website": "https:\/\/yandex.com\/company\/general_info\/yandex_today\/"
  },
  "yieldlab.net": {
    "company": "Yieldlab",
    "domain": "yieldlab.net",
    "purpose": "3",
    "website": "http:\/\/www.yieldlab.com\/"
  },
  "yieldoptimizer.com": {
    "company": "ADARA Analytics",
    "domain": "yieldoptimizer.com",
    "purpose": "3",
    "website": "http:\/\/adara.com\/about-us"
  },
  "youtube.com": {
    "company": "Google LLC",
    "domain": "youtube.com",
    "purpose": "1",
    "website": "http:\/\/www.youtube.com\/yt\/about\/"
  },
  "zebestof.com": {
    "company": "Zebestof",
    "domain": "zebestof.com",
    "purpose": "3",
    "website": ""
  },
  "zemanta.com": {
    "company": "Zemanta, Inc.",
    "domain": "zemanta.com",
    "purpose": "1",
    "website": "http:\/\/www.zemanta.com\/about-us\/"
  },
  "zenaps.com": {
    "company": "zenaps.com",
    "domain": "zenaps.com",
    "purpose": "unknown",
    "website": ""
  },
  "zeotap.com": {
    "company": "zeotap GmbH",
    "domain": "zeotap.com",
    "purpose": "unknown",
    "website": ""
  }
}